MAC Address,Vendor
7E:27:A0:4C:41:10,Vendor Not Found
65:40:29:2B:8E:C5,Vendor Not Found
60:39:38:A1:BC:1C,Vendor Not Found
4E:B5:CD:25:13:F9,Vendor Not Found
75:BF:3F:45:A7:B7,Vendor Not Found
FE:88:58:BE:95:F2,Vendor Not Found
78:6C:84:D9:F3:4B,Amazon Technologies Inc.
7C:86:1D:9B:EF:2D,Vendor Not Found
B8:16:5F:12:F1:03,LG Innotek
78:6C:84:CB:02:DA,Amazon Technologies Inc.
65:B7:06:A4:FE:18,Vendor Not Found
90:A8:22:CC:AF:7F,Amazon Technologies Inc.
FC:42:8A:BB:9E:E6,Vendor Not Found
7A:CF:13:AA:3F:9F,Vendor Not Found
